Date,Open,High,Low,Close,Volume,등락률
2020-01-02,2918,2969,2853,2957,2941870,1.7549896765313144
2020-01-03,2950,2950,2879,2912,2092980,-1.5218126479540075
2020-01-06,2827,2975,2801,2944,3307245,1.098901098901099
2020-01-07,2931,2995,2892,2899,1961025,-1.528532608695652
2020-01-08,2879,2899,2763,2783,3402040,-4.00137978613315
2020-01-09,2892,2969,2853,2970,2899450,6.719367588932807
2020-01-10,3009,3106,2976,3055,4637820,2.861952861952862
2020-01-13,3067,3099,3002,3029,2617980,-0.851063829787234
2020-01-14,3086,3131,2983,3003,2711080,-0.8583690987124464
2020-01-15,3008,3015,2950,2990,1592285,-0.4329004329004329
2020-01-16,2976,3034,2976,2996,1157300,0.2006688963210702
2020-01-17,3034,3060,2976,2977,1615605,-0.6341789052069425
2020-01-20,2989,3073,2989,3035,2948275,1.948270070540813
2020-01-21,3014,3034,2924,2944,2299135,-2.9983525535420097
2020-01-22,2963,2982,2931,2951,1779805,0.2377717391304348
2020-01-23,2957,3021,2925,2938,2570575,-0.4405286343612335
2020-01-28,2782,2834,2711,2783,4056710,-5.275697753573859
2020-01-29,2821,2827,2737,2757,1944265,-0.9342436219906577
2020-01-30,2814,2878,2743,2750,2687445,-0.25389916575988397
2020-01-31,2788,2801,2646,2653,2171880,-3.5272727272727273
2020-02-03,2594,3125,2562,2951,22183225,11.232566905390124
2020-02-04,3079,3099,2943,3035,6387255,2.846492714334124
2020-02-05,3118,3163,2989,3074,9056915,1.28500823723229
2020-02-06,3028,3228,3021,3216,8043875,4.619388418998048
2020-02-07,3326,3403,3267,3333,12098315,3.6380597014925375
2020-02-10,3267,3396,3241,3339,5227040,0.18001800180018002
2020-02-11,3390,3636,3364,3598,17196760,7.756813417190776
2020-02-12,3610,3695,3559,3605,7876265,0.19455252918287938
2020-02-13,3611,3695,3565,3618,5518650,0.36061026352288483
2020-02-14,3643,3708,3559,3579,4780895,-1.077943615257048
2020-02-17,3494,3578,3410,3540,5327670,-1.0896898575020955
2020-02-18,3500,3552,3390,3404,4831900,-3.84180790960452
2020-02-19,3481,3513,3339,3443,4027015,1.1457109283196238
2020-02-20,3455,3487,3319,3475,5060565,0.9294220156839965
2020-02-21,3377,3422,3273,3313,4276780,-4.661870503597123
2020-02-24,3163,3273,3157,3177,5029070,-4.105040748566254
2020-02-25,3157,3287,3131,3262,3743225,2.6754800125904943
2020-02-26,3170,3255,3158,3223,2787825,-1.195585530349479
2020-02-27,3216,3293,3080,3087,3439000,-4.219671113869066
2020-02-28,3001,3072,2930,2944,4263835,-4.63232912212504
2020-03-02,2989,3125,2924,3106,3846075,5.502717391304348
2020-03-03,3235,3241,3073,3087,3631055,-0.6117192530585963
2020-03-04,3034,3228,3028,3216,3775465,4.178814382896015
2020-03-05,3286,3293,3163,3216,2929970,0.0
2020-03-06,3150,3183,3099,3164,2260005,-1.616915422885572
2020-03-09,3073,3093,2937,2977,3111905,-5.910240202275601
2020-03-10,2931,3073,2899,3068,4300620,3.056768558951965
2020-03-11,3073,3073,2899,2925,3083135,-4.661016949152542
2020-03-12,2878,2937,2678,2737,5038340,-6.427350427350427
2020-03-13,2529,2691,2271,2511,8022005,-8.2572159298502
2020-03-16,2587,2627,2335,2336,4519885,-6.969334926324174
2020-03-17,2154,2471,2154,2459,5186060,5.26541095890411
2020-03-18,2484,2497,2212,2213,4181825,-10.00406669377796
2020-03-19,2290,2322,1785,1799,8106180,-18.707636692272935
2020-03-20,1921,2089,1856,2090,5496190,16.175653140633685
2020-03-23,1960,2083,1895,1967,4604195,-5.885167464114833
2020-03-24,2089,2160,2031,2161,4439295,9.862735129639045
2020-03-25,2302,2354,2193,2284,4657735,5.691809347524295
2020-03-26,2297,2355,2213,2233,4376405,-2.23292469352014
2020-03-27,2335,2341,2160,2245,4099045,0.5373936408419167
2020-03-30,2154,2289,2147,2284,2288550,1.7371937639198218
2020-03-31,2335,2335,2245,2304,3175020,0.8756567425569177
2020-04-01,2264,2420,2232,2239,4286010,-2.821180555555556
2020-04-02,2277,2336,2200,2330,2790135,4.064314426083073
2020-04-03,2413,2432,2303,2349,4376160,0.8154506437768241
2020-04-06,2360,2451,2309,2452,4414915,4.384844614729673
2020-04-07,2574,2574,2458,2517,5605650,2.65089722675367
2020-04-08,2498,2620,2472,2537,5415770,0.7945967421533572
2020-04-09,2600,2620,2536,2543,3036890,0.2364998029168309
2020-04-10,2562,2562,2439,2517,2636340,-1.0224144710971292
2020-04-13,2504,2504,2413,2414,2638010,-4.092173222089789
2020-04-14,2510,2568,2484,2530,4076395,4.8053024026512015
2020-04-16,2537,2640,2498,2615,4559570,3.3596837944664033
2020-04-17,2698,2743,2659,2686,4242690,2.7151051625239004
2020-04-20,2685,2711,2640,2660,2649285,-0.967982129560685
2020-04-21,2627,2665,2517,2608,3547105,-1.954887218045113
2020-04-22,2536,2607,2516,2588,1918385,-0.7668711656441718
2020-04-23,2639,2646,2581,2627,2053450,1.5069551777434311
2020-04-24,2594,2607,2549,2569,1380095,-2.2078416444613627
2020-04-27,2594,2620,2555,2601,1301795,1.2456208641494744
2020-04-28,2645,2658,2568,2588,1501470,-0.4998077662437524
2020-04-29,2601,2615,2575,2615,1208790,1.0432766615146831
2020-05-04,2562,2626,2549,2582,1034295,-1.2619502868068833
2020-05-06,2614,2634,2569,2634,1377375,2.0139426800929514
2020-05-07,2614,2665,2607,2653,1678625,0.721336370539104
2020-05-08,2684,2742,2652,2724,2544750,2.6762156049754995
2020-05-11,2763,2769,2672,2673,2010025,-1.8722466960352422
2020-05-12,2671,2684,2587,2640,1729215,-1.2345679012345678
2020-05-13,2595,3125,2588,2932,16892495,11.06060606060606
2020-05-14,2924,2944,2827,2867,3768350,-2.2169167803547065
2020-05-15,2898,2904,2782,2873,2421975,0.20927799093128704
2020-05-18,2892,3047,2860,3003,6791385,4.524886877828054
2020-05-19,3080,3112,2983,3003,3538330,0.0
2020-05-20,3002,3093,2957,3087,3041255,2.797202797202797
2020-05-21,3151,3261,3099,3100,6428210,0.4211208292840946
2020-05-22,3125,3189,3002,3048,3562920,-1.6774193548387095
2020-05-25,3093,3390,3073,3346,11655485,9.776902887139109
2020-05-26,3442,3584,3364,3436,8977965,2.6897788404064555
2020-05-27,3416,3513,3338,3378,4378710,-1.6880093131548313
2020-05-28,3403,3416,3138,3229,5149190,-4.410894020130255
2020-05-29,3170,3286,3151,3158,3677470,-2.198823165066584
2020-06-01,3203,3521,3190,3521,9908930,11.49461684610513
2020-06-02,3584,3772,3572,3650,14355890,3.6637318943481967
2020-06-03,3714,3727,3526,3624,6134985,-0.7123287671232876
2020-06-04,3689,4154,3689,4110,27615135,13.410596026490065
2020-06-05,4167,4219,3986,4155,8753495,1.094890510948905
2020-06-08,4154,4232,4051,4142,5570610,-0.3128760529482551
2020-06-09,4252,4498,4220,4259,13859315,2.8247223563495893
2020-06-10,4207,4310,4142,4259,4990770,0.0
2020-06-11,4452,4452,4226,4259,8699840,0.0
2020-06-12,3934,4193,3928,4194,8101120,-1.5261798544259215
2020-06-15,4141,4154,3733,3734,8460665,-10.968049594659037
2020-06-16,3927,4011,3869,3993,5284900,6.93626138189609
2020-06-17,3947,4232,3935,4084,9328900,2.2789882294014525
2020-06-18,4083,4128,3986,4019,3856185,-1.5915768854064642
2020-06-19,4071,4135,3999,4123,3606525,2.5877083851704406
2020-06-22,4083,4167,4044,4103,3371330,-0.4850836769342712
2020-06-23,4160,4245,4031,4103,4613085,0.0
2020-06-24,4160,4167,4076,4103,2479465,0.0
2020-06-25,3992,4154,3992,4103,3690730,0.0
2020-06-26,4167,4180,3908,3967,5197215,-3.314647818669266
2020-06-29,3850,3921,3779,3825,3741350,-3.5795311318376606
2020-06-30,3934,3973,3766,3812,2423565,-0.33986928104575165
2020-07-01,3882,3967,3792,3825,2677000,0.3410283315844701
2020-07-02,3902,3934,3818,3909,1869500,2.196078431372549
2020-07-03,3993,4109,3967,4013,4237770,2.6605269889997443
2020-07-06,4056,4172,3992,4135,4664085,3.040119611263394
2020-07-07,4231,4244,4018,4038,4183230,-2.3458282950423217
2020-07-08,4051,4128,3999,4084,2685480,1.1391778107974244
2020-07-09,4116,4154,4051,4110,2836280,0.6366307541625857
2020-07-10,4109,4122,3966,4019,3129850,-2.2141119221411194
2020-07-13,4095,4179,4043,4135,3228855,2.886290121920876
2020-07-14,4102,4167,4076,4090,2877485,-1.0882708585247884
2020-07-15,4128,4141,4064,4116,2391615,0.6356968215158924
2020-07-16,4154,4355,4115,4194,8759325,1.8950437317784257
2020-07-17,4193,4225,4103,4181,2285300,-0.3099666189794945
2020-07-20,4206,4245,4044,4246,4696915,1.5546519971298733
2020-07-21,4348,4413,4225,4278,7211580,0.753650494583137
2020-07-22,4271,5009,4226,4945,34044970,15.591397849462366
2020-07-23,4969,4969,4762,4854,12073090,-1.840242669362993
2020-07-24,4743,4789,4556,4602,9056345,-5.19159456118665
2020-07-27,4568,4678,4504,4550,5276095,-1.1299435028248588
2020-07-28,4633,4659,4549,4576,3548340,0.5714285714285714
2020-07-29,4537,4672,4491,4673,3894770,2.119755244755245
2020-07-30,4659,4762,4594,4757,4779195,1.7975604536700194
2020-07-31,4743,4873,4672,4699,6370235,-1.2192558335085137
2020-08-03,4769,4924,4750,4828,5429270,2.7452649499893593
2020-08-04,4899,4905,4763,4822,3084120,-0.12427506213753108
2020-08-05,4821,4938,4750,4906,5809090,1.7420157610949814
2020-08-06,4989,5358,4982,5145,15209510,4.871585813289849
2020-08-07,5190,5501,5171,5424,12268235,5.422740524781341
2020-08-10,5468,5468,5294,5450,6465200,0.47935103244837757
2020-08-11,5449,5656,5378,5495,5607410,0.8256880733944955
2020-08-12,5488,6018,5455,5812,14694670,5.768880800727935
2020-08-13,5830,5979,5656,5773,5983850,-0.6710254645560908
2020-08-14,5694,5714,5377,5443,7925605,-5.716265373289451
2020-08-18,5370,5532,5086,5177,7340565,-4.887010839610509
2020-08-19,5242,5429,5125,5430,4594850,4.887000193162063
2020-08-20,5371,5430,4964,5068,6911530,-6.666666666666667
2020-08-21,5138,5358,5041,5236,5450450,3.314917127071823
2020-08-24,5151,5403,5093,5398,4370370,3.0939648586707413
2020-08-25,5449,5617,5436,5501,4021835,1.908114116339385
2020-08-26,5487,5552,5293,5501,4614640,0.0
2020-08-27,5564,5675,5435,5462,6206260,-0.708962006907835
2020-08-28,5514,5695,5442,5631,5460795,3.0941047235444894
2020-08-31,5812,6135,5695,6097,13362220,8.275617119516959
2020-09-01,6174,6239,5889,5961,6568990,-2.2306052156798426
2020-09-02,6018,6238,5914,6239,5516035,4.663647039087401
2020-09-03,6342,6433,6154,6304,6147015,1.0418336271838435
2020-09-04,5915,6705,5915,6589,10581170,4.520939086294416
2020-09-07,6783,7145,6679,6887,13729660,4.522689330702686
2020-09-08,6989,7028,6666,6783,5398715,-1.510091476695223
2020-09-09,6640,6990,6588,6887,5570200,1.5332448768981277
2020-09-10,7002,7015,6782,6912,4190145,0.36300275882096705
2020-09-11,6887,6887,6615,6680,4702245,-3.356481481481482
2020-09-14,6680,6783,6563,6680,3509945,0.0
2020-09-15,6743,6821,6652,6705,2914050,0.37425149700598803
2020-09-16,6756,6925,6524,6589,4326550,-1.7300521998508578
2020-09-17,6524,6717,6497,6628,3417445,0.5918955835483382
2020-09-18,6692,6898,6562,6744,4824350,1.7501508750754375
2020-09-21,6743,6860,6550,6641,3458090,-1.5272835112692764
2020-09-22,6601,6652,6005,6129,8870570,-7.709682276765547
2020-09-23,6335,6354,5798,5915,6599360,-3.491597324196443
2020-09-24,5824,5824,5416,5572,6935390,-5.798816568047338
2020-09-25,5675,5701,5325,5514,4048975,-1.0409188801148601
2020-09-28,5610,5759,5507,5747,3138215,4.225607544432354
2020-09-29,5876,5954,5657,5806,3843280,1.0266225856968854
2020-10-05,5812,5863,5714,5812,1789230,0.10334137099552188
2020-10-06,5882,6109,5850,5909,3403010,1.6689607708189953
2020-10-07,5837,6050,5785,5993,2097120,1.4215603316974108
2020-10-08,6057,6238,5986,6194,3888735,3.353912898381445
2020-10-12,6258,6258,6090,6168,1580890,-0.4197610590894414
2020-10-13,6245,6251,5908,6045,2435040,-1.9941634241245134
2020-10-14,5967,6122,5799,5825,4067460,-3.6393713813068653
2020-10-15,5798,5856,5533,5831,4591880,0.10300429184549358
2020-10-16,5882,6018,5817,5967,3528195,2.3323615160349855
2020-10-19,6018,6043,5727,5734,2655490,-3.904809787162728
2020-10-20,5649,5778,5397,5708,4159010,-0.4534356470177886
2020-10-21,5759,5779,5539,5741,1771925,0.578135949544499
2020-10-22,5721,5772,5436,5495,2659280,-4.284967775648842
2020-10-23,5493,5545,5274,5339,2864125,-2.8389444949954505
2020-10-26,5293,5344,5002,5009,4526535,-6.180932758943623
2020-10-27,4950,5267,4860,5152,3848235,2.8548612497504493
2020-10-28,5151,5436,5138,5437,2212945,5.531832298136646
2020-10-29,5319,5552,5261,5553,2771715,2.1335295199558577
2020-10-30,5552,5675,5410,5501,2598840,-0.9364307581487483
2020-11-02,5559,5630,5397,5592,1446055,1.6542446827849482
2020-11-03,5675,5940,5675,5831,3334430,4.2739628040057225
2020-11-04,6018,6018,5727,5825,3545585,-0.10289830217801406
2020-11-05,5980,6258,5961,6188,6082635,6.23175965665236
2020-11-06,6167,6277,5850,6071,7217060,-1.8907563025210083
2020-11-09,6167,6264,5966,5993,6360770,-1.284796573875803
2020-11-10,5940,5940,5552,5598,7909840,-6.591022860003337
2020-11-11,5533,5636,5307,5605,5368345,0.1250446588067167
2020-11-12,5681,5701,5604,5611,2180575,0.10704727921498662
2020-11-13,5540,5623,5384,5618,2066630,0.12475494564248799
2020-11-16,5578,5642,5461,5572,1989220,-0.8187967248131008
2020-11-17,5649,5701,5520,5572,1797555,0.0
2020-11-18,5591,5675,5527,5631,1531140,1.0588657573582196
2020-11-19,5630,5734,5572,5696,2596995,1.1543242763274728
2020-11-20,5708,5798,5630,5786,2252130,1.580056179775281
2020-11-23,5779,5779,5669,5683,2948370,-1.7801590044936053
2020-11-24,5714,5747,5572,5683,3880945,0.0
2020-11-25,5753,5759,5501,5553,3996105,-2.287524194967447
2020-11-26,5520,5629,5494,5572,1659720,0.34215739240050425
2020-11-27,5598,5818,5572,5819,5098330,4.432878679109835
2020-11-30,5908,5915,5695,5890,3175390,1.2201409176834508
2020-12-01,5870,5870,5760,5851,1924340,-0.6621392190152802
2020-12-02,5889,5889,5754,5819,2675365,-0.5469150572551701
2020-12-03,5798,5798,5701,5741,1866950,-1.3404365011170305
2020-12-04,5760,5818,5637,5819,2578640,1.3586483191081693
2020-12-07,5837,6070,5759,6006,6223460,3.213610586011342
2020-12-08,6031,6122,5844,5890,3845990,-1.9314019314019315
2020-12-09,5940,5947,5824,5857,2443735,-0.5602716468590832
2020-12-10,5772,5895,5772,5857,1854185,0.0
2020-12-11,5928,6122,5909,6123,3715400,4.541574184736213
2020-12-14,6103,6187,5967,6097,2703870,-0.42462845010615713
2020-12-15,6103,6277,6005,6168,3826350,1.1645071346563884
2020-12-16,6239,6258,6090,6149,4517975,-0.30804150453955903
2020-12-17,6187,6329,6122,6207,4826755,0.94324280370792
2020-12-18,6245,6258,6084,6149,3002330,-0.934428870629934
2020-12-21,6096,6167,5993,6071,2746280,-1.2684989429175475
2020-12-22,6089,6199,5960,5980,3349455,-1.4989293361884368
2020-12-23,6238,6251,5999,6181,4228780,3.361204013377926
2020-12-24,6245,6497,6180,6472,7294270,4.707976055654425
2020-12-28,6510,6588,6342,6576,4474010,1.6069221260815822
2020-12-29,6595,6727,6535,6635,4311740,0.8972019464720195
2020-12-30,6588,6687,6555,6556,3405540,-1.1906556141672946
2021-01-04,6634,7044,6450,7044,8188530,7.443563148261134
2021-01-05,6925,7070,6766,6965,5402610,-1.1215218625780807
2021-01-06,6991,7017,6767,6939,4313200,-0.37329504666188085
2021-01-07,7123,7413,6977,7321,6994520,5.5051160109525865
2021-01-08,7519,7848,7413,7717,7068710,5.409097117880071
2021-01-11,7927,8692,7650,8218,14325080,6.492160165867565
2021-01-12,8217,8257,7822,8126,4734975,-1.1194937941104892
2021-01-13,8218,8284,7928,8034,3506385,-1.1321683485109524
2021-01-14,8059,8547,8007,8548,4158525,6.39780931043067
2021-01-15,8640,8640,8297,8443,4141680,-1.2283575105287787
2021-01-18,8191,8482,8033,8377,3037120,-0.7817126613762879
2021-01-19,8416,8509,8297,8509,2489110,1.5757431061239107
2021-01-20,8587,8627,8376,8509,2573910,0.0
2021-01-21,8601,8614,8297,8364,3116515,-1.7040780350217415
2021-01-22,8283,8376,8112,8113,3474320,-3.000956480153037
2021-01-25,8125,8270,8020,8179,1815710,0.8135091827930482
2021-01-26,8271,8271,7981,8087,2301455,-1.1248318865386968
2021-01-27,8099,8283,7954,8192,2753585,1.2983801162359343
2021-01-28,7941,8165,7927,7994,2405595,-2.4169921875
2021-01-29,8099,8152,7294,7704,3375940,-3.627720790592945
2021-02-01,7650,8178,7519,8179,3014815,6.165628245067498
2021-02-02,8336,8349,8020,8073,2783335,-1.2960019562293679
2021-02-03,8125,8191,7940,8007,2499475,-0.8175399479747306
2021-02-04,8112,8389,7940,8271,5728455,3.2971150243536904
2021-02-05,8363,8389,7980,8192,3106875,-0.9551444807157538
2021-02-08,8191,8442,8086,8377,3065435,2.25830078125
2021-02-09,8442,8442,8231,8390,1530525,0.15518682105765788
2021-02-10,8390,8562,8311,8562,1913515,2.0500595947556617
2021-02-15,8745,8864,8587,8627,3455965,0.7591684185937866
2021-02-16,8679,8771,8547,8614,1761495,-0.1506896951431552
2021-02-17,8626,8864,8389,8403,2816445,-2.4495008126306015
2021-02-18,8336,8349,8151,8218,1974455,-2.2015946685707486
2021-02-19,8244,8521,8151,8495,2072310,3.3706497931370163
2021-02-22,8575,8588,8311,8562,1929605,0.7886992348440258
2021-02-23,8416,8640,8310,8443,2011685,-1.38986218173324
2021-02-24,8534,8561,7954,8126,2395915,-3.754589600852778
2021-02-25,8284,8574,8245,8575,1919430,5.525473787841497
2021-02-26,8297,8639,8297,8482,2493085,-1.0845481049562682
2021-03-02,8746,8917,8653,8799,2681375,3.7373261023343556
2021-03-03,8798,9154,8759,9142,2929265,3.8981702466189336
2021-03-04,9062,9339,9009,9221,2900050,0.8641435134543863
2021-03-05,9142,9326,8930,9208,2119280,-0.14098253985467954
2021-03-08,9260,9300,8561,8641,3042280,-6.15768896611642
2021-03-09,8508,8600,7914,8126,5847170,-5.959958338155306
2021-03-10,8363,8482,8020,8047,2209270,-0.9721880383952745
2021-03-11,8059,8244,8059,8218,1886270,2.125015533739282
2021-03-12,8363,8416,8231,8245,1612780,0.32854709174981744
2021-03-15,8283,8310,8059,8113,1484010,-1.6009702850212248
2021-03-16,8046,8099,7901,7994,2384195,-1.4667817083692838
2021-03-17,7954,7954,7558,7691,3114980,-3.7903427570678008
2021-03-18,7782,7941,7730,7770,1698315,1.0271746196853466
2021-03-19,7584,7874,7571,7875,1018965,1.3513513513513513
2021-03-22,7927,7927,7584,7664,1642480,-2.679365079365079
2021-03-23,7703,7717,7321,7401,2921500,-3.4316283924843427
2021-03-24,7333,7439,7241,7255,1765075,-1.9727063910282394
2021-03-25,7202,7452,7189,7427,1579860,2.3707787732598207
2021-03-26,7452,7452,7188,7242,1843540,-2.4909115389793994
2021-03-29,7241,7333,7096,7136,1727775,-1.463684065175366
2021-03-30,7175,7254,7149,7176,1348325,0.5605381165919282
2021-03-31,7229,7637,7229,7546,2490340,5.156075808249722
2021-04-01,7650,7743,7545,7638,1556475,1.2191889742910151
2021-04-02,7756,7795,7637,7691,1317460,0.6938989264205289
2021-04-05,7730,7874,7690,7849,1223195,2.0543492393706932
2021-04-06,7861,7980,7821,7954,1318905,1.3377500318511912
2021-04-07,8006,8006,7848,7941,967450,-0.1634397787276842
2021-04-08,7940,7953,7848,7849,928205,-1.1585442639466064
2021-04-09,8020,8468,7941,8377,3795900,6.726971588737419
2021-04-12,8574,8772,8403,8641,3697130,3.1514862122478213
2021-04-13,8626,8626,8468,8614,1845065,-0.31246383520425874
2021-04-14,8613,8613,8402,8416,1859245,-2.2985837009519385
2021-04-15,8389,8468,8310,8403,1441930,-0.15446768060836502
2021-04-16,8429,8468,8205,8456,1593925,0.6307271212662144
2021-04-19,8586,9167,8534,8917,4580705,5.451750236518448
2021-04-20,8957,9075,8838,8997,2192050,0.897162722888864
2021-04-21,8930,9049,8877,9010,1503640,0.14449260864732688
2021-04-22,9062,9193,8983,9102,1672155,1.021087680355161
2021-04-23,9049,9431,9009,9366,3269860,2.900461437046803
2021-04-26,9365,9365,8930,8944,4112375,-4.505658765748452
2021-04-27,9102,9616,9102,9564,7838920,6.932021466905187
2021-04-28,9458,9867,9300,9868,6392470,3.178586365537432
2021-04-29,0,0,0,9868,0,0.0
2021-04-30,0,0,0,9868,0,0.0
2021-05-03,0,0,0,9868,0,0.0
2021-05-04,0,0,0,9868,0,0.0
2021-05-06,0,0,0,9868,0,0.0
2021-05-07,0,0,0,9868,0,0.0
2021-05-10,0,0,0,9868,0,0.0
2021-05-11,0,0,0,9868,0,0.0
2021-05-12,0,0,0,9868,0,0.0
2021-05-13,0,0,0,9868,0,0.0
2021-05-14,0,0,0,9868,0,0.0
2021-05-17,0,0,0,9868,0,0.0
2021-05-18,0,0,0,9868,0,0.0
2021-05-20,0,0,0,9868,0,0.0
2021-05-21,0,0,0,9868,0,0.0
2021-05-24,0,0,0,9868,0,0.0
2021-05-25,0,0,0,9868,0,0.0
2021-05-26,0,0,0,9868,0,0.0
2021-05-27,0,0,0,9868,0,0.0
2021-05-28,9867,11429,9247,10172,16722850,3.0806647750304013
2021-05-31,10267,10400,9248,9325,6101935,-8.326779394416043
2021-06-01,9238,9381,9000,9077,1995415,-2.6595174262734584
2021-06-02,9057,9181,8638,8696,2464635,-4.197422055745291
2021-06-03,8648,9229,8629,9001,2180860,3.5073597056117753
2021-06-04,8924,9200,8867,9172,946025,1.8997889123430731
2021-06-07,9286,9286,8943,8972,1190075,-2.1805494984736153
2021-06-08,8952,8952,8772,8858,690240,-1.2706197057512258
2021-06-09,8895,8905,8543,8658,1243370,-2.2578460149017836
2021-06-10,8658,8810,8658,8763,1093295,1.2127512127512128
2021-06-11,8819,8838,8171,8172,4808415,-6.744265662444368
2021-06-14,8228,8285,8114,8248,2060825,0.9300048947626041
2021-06-15,8248,8305,8153,8201,848855,-0.569835111542192
2021-06-16,8209,8485,8076,8467,1650890,3.2435068894037316
2021-06-17,8371,8619,8295,8486,1397105,0.22440061414904927
2021-06-18,8504,8580,8371,8524,1077775,0.447796370492576
2021-06-21,8447,8542,8324,8429,849510,-1.1145002346316284
2021-06-22,8438,8495,8219,8267,1173390,-1.9219361727369795
2021-06-23,8286,8419,8133,8134,1182325,-1.6088060965283657
2021-06-24,8200,8361,8143,8286,858315,1.8686992869436931
2021-06-25,8277,8724,8277,8658,1923240,4.489500362056481
2021-06-28,8658,8658,8505,8563,681720,-1.0972510972510972
2021-06-29,8581,8647,8476,8648,684570,0.992642765385963
2021-06-30,8695,8695,8543,8620,758825,-0.32377428307123035
2021-07-01,8619,8819,8476,8782,1463475,1.8793503480278422
2021-07-02,8876,8876,8600,8629,1022410,-1.7421999544522888
2021-07-05,8581,8857,8581,8829,909135,2.31776567389037
2021-07-06,8829,8876,8743,8858,825705,0.32846301959451807
2021-07-07,8858,9191,8772,9001,2324580,1.6143599006547753
2021-07-08,8895,8905,8571,8572,2527535,-4.766137095878236
2021-07-09,8514,9124,8362,9077,2857945,5.891273915072329
2021-07-12,9124,9219,8924,9096,1495180,0.20932025999779663
2021-07-13,9200,9829,9029,9734,6145835,7.014072119613017
2021-07-14,9657,10095,9600,10020,4820630,2.9381549208958293
2021-07-15,10248,10990,10229,10496,7190260,4.750499001996008
2021-07-16,10744,11810,10382,11468,12525970,9.260670731707316
2021-07-19,11467,12096,11353,11849,6175945,3.322288106034182
2021-07-20,11638,11886,11181,11677,5441930,-1.451599291079416
2021-07-21,11811,12572,11525,12516,4976840,7.18506465701807
2021-07-22,12629,12667,11810,12420,5144400,-0.7670182166826461
2021-07-23,12363,12763,12286,12649,2702190,1.8438003220611916
2021-07-26,12458,14438,12439,13525,8946765,6.925448652067358
2021-07-27,13810,14096,12724,13544,5776705,0.14048059149722736
2021-07-28,13257,13505,12667,12820,4556340,-5.345540460720614
2021-07-29,13144,14458,13068,14192,13188485,10.702028081123245
2021-07-30,14001,14077,13582,13716,4772990,-3.354002254791432
2021-08-02,13620,14039,13258,13697,2539915,-0.13852435112277633
2021-08-03,13829,14343,13715,13944,2909425,1.803314594436738
2021-08-04,13944,13982,13201,13278,3797890,-4.776247848537006
2021-08-05,13239,13696,13124,13449,2533490,1.2878445549028468
2021-08-06,13715,14248,13639,13868,3481965,3.1154732693880587
2021-08-09,14096,18021,14096,18021,21442575,29.94663974617825
2021-08-10,18612,19507,17183,18574,32405970,3.0686421397258754
2021-08-11,18288,20364,18155,19241,16045410,3.5910412404436305
2021-08-12,19354,22383,19354,20555,31697860,6.829166883218128
2021-08-13,20954,21926,19716,20174,13529485,-1.8535636098272925
2021-08-17,19526,19735,17316,17907,13497530,-11.237236046396351
2021-08-18,17315,18858,17144,18497,8213100,3.2948009158429667
2021-08-19,18173,18859,17849,17926,4543910,-3.0869870789857816
2021-08-20,18135,20363,18135,18764,14262110,4.674774071181524
2021-08-23,19164,19392,18402,18898,4176630,0.7141334470262204
2021-08-24,19545,19602,17602,18136,5314585,-4.0321727166895975
2021-08-25,18497,18935,17944,18669,2894540,2.938906043228937
2021-08-26,18687,18744,18001,18459,2541610,-1.124859392575928
2021-08-27,18231,18593,17964,18136,2592470,-1.7498239341242754
2021-08-30,18287,18896,17849,18459,3684435,1.7809880899867667
2021-08-31,18859,22002,18726,21241,23336315,15.071238962023944
2021-09-01,20954,20992,19183,19374,10139415,-8.789605009180358
2021-09-02,19011,19221,18478,18631,5579990,-3.835036647052751
2021-09-03,18630,19221,17944,19088,5033085,2.452901078847083
2021-09-06,18973,19297,18478,18536,3444235,-2.8918692372171
2021-09-07,17773,18820,17773,18402,4924045,-0.7229175658178679
2021-09-08,18287,18611,17620,17659,4090080,-4.037604608194761
2021-09-09,18687,18973,17659,17926,6022480,1.5119768956339543
2021-09-10,18078,19697,17907,19279,10265030,7.54769608390048
2021-09-13,19278,19888,18726,18936,6167565,-1.7791379220913945
2021-09-14,18859,19354,18783,18955,3446865,0.10033798056611745
2021-09-15,19030,19392,18421,19145,4025460,1.0023740437879187
2021-09-16,19240,21221,19202,20212,13337085,5.573256724993471
2021-09-17,20421,20802,19126,19279,5569005,-4.616069661587176
2021-09-23,18859,19507,18802,18993,2482875,-1.4834794335805799
2021-09-24,19335,20630,19087,19964,7998390,5.112409835202443
2021-09-27,19963,20116,19278,19488,2921085,-2.3842917251051894
2021-09-28,19411,19468,18668,18764,3364465,-3.715106732348112
2021-09-29,18078,19164,18021,19012,3159990,1.3216798124067362
2021-09-30,18782,19201,18763,18821,2081315,-1.0046286555859458
2021-10-01,18763,18992,18421,18421,1633915,-2.125285585250518
2021-10-05,18116,18649,17830,18440,1943805,0.10314315183757668
2021-10-06,18726,18993,17755,18098,2813120,-1.8546637744034706
2021-10-07,18116,18287,17392,18231,2518695,0.7348878329097138
2021-10-08,18231,18555,17469,17717,6199645,-2.819373594427075
2021-10-12,17678,18535,17640,18250,2935855,3.0084100016932886
2021-10-13,18268,18687,17772,18497,2962790,1.3534246575342466
2021-10-14,18630,19392,18497,19050,4486490,2.989674001189382
2021-10-15,19354,19373,18783,19050,1796580,0.0
2021-10-18,19049,19411,18858,18878,1951805,-0.9028871391076115
2021-10-19,19163,19868,19030,19088,3583535,1.1124059752092381
2021-10-20,19163,19297,18707,18745,2381385,-1.796940486169321
2021-10-21,18744,18935,17792,17983,4141140,-4.065084022405975
2021-10-22,17716,18611,17544,18269,2690570,1.5903909247622756
2021-10-25,18211,18477,17830,18440,1510820,0.9360118233072418
2021-10-26,18840,18878,18192,18212,2160610,-1.2364425162689805
2021-10-27,18230,18402,17983,18193,1321040,-0.10432681748297826
2021-10-28,18097,18287,17697,17755,1709595,-2.407519375584016
2021-10-29,17944,19354,17754,19069,8618650,7.400732188116025
2021-11-01,18954,19602,18687,19431,3582830,1.8983690807069065
2021-11-02,19582,19735,18973,19164,2706730,-1.37409294426432
2021-11-03,19564,22859,19354,22174,22008020,15.706533082863702
2021-11-04,22688,24307,22383,23603,12723970,6.44448453143321
2021-11-05,24765,26251,24232,26099,11596280,10.574926916069991
2021-11-08,26041,26955,25336,25832,5557705,-1.0230277022108127
2021-11-09,25832,27089,25069,26461,5848270,2.434964385258594
2021-11-10,25946,26956,24955,25299,4333020,-4.39136842900873
2021-11-11,25069,30689,25031,30023,15015780,18.672674809281
2021-11-12,29661,30004,28270,29433,6072540,-1.9651600439662926
2021-11-15,29146,29413,27813,28785,5254960,-2.2016104372642955
2021-11-16,28269,28746,27050,27089,5412870,-5.891957616814313
2021-11-17,26956,28442,26956,27242,4810560,0.564804902358891
2021-11-18,27279,28270,27203,27680,3886160,1.6078114675868145
2021-11-19,27793,28422,26517,26956,3785070,-2.615606936416185
2021-11-22,26784,26936,25222,25775,3755070,-4.381213829945096
2021-11-23,25488,26479,25298,25451,2087735,-1.257032007759457
2021-11-24,25355,26479,25355,26327,2299925,3.441907980040077
2021-11-25,26383,26802,25526,25565,1936865,-2.894366999658146
2021-11-26,25584,25984,24460,25013,2337850,-2.1592020340309017
2021-11-29,24155,24974,23850,24537,2021620,-1.9030104345740217
2021-11-30,25069,25812,24098,24403,2438360,-0.5461140318702368
2021-12-01,24669,24860,23012,24232,2695250,-0.7007335163709381
2021-12-02,23830,24040,22325,22631,3238860,-6.606965995378013
2021-12-03,22840,23316,22535,22974,2052715,1.5156201670275287
2021-12-06,22783,22974,22345,22860,1447990,-0.4962131104727083
2021-12-07,22897,23145,22154,22193,1792415,-2.9177602799650044
2021-12-08,22574,23621,22535,23241,3822710,4.7222097057630785
2021-12-09,23468,23506,22478,23012,2594515,-0.9853276537154168
2021-12-10,22669,22688,21335,21393,5969815,-7.0354597601251525
2021-12-13,21544,21773,21316,21450,1753900,0.26644229420838594
2021-12-14,21164,21316,20630,21050,1755195,-1.8648018648018647
2021-12-15,20973,21354,20726,20898,1257915,-0.7220902612826603
2021-12-16,21297,21488,20821,20822,1551580,-0.3636711647047564
2021-12-17,20555,20859,20250,20384,1611200,-2.103544328114494
2021-12-20,20173,21087,20021,20669,1752080,1.3981554160125589
2021-12-21,20669,20897,19431,20784,3129550,0.5563887948134888
2021-12-22,21088,21393,20593,20822,2102020,0.18283294842186296
2021-12-23,21145,21564,21012,21336,2293255,2.468542887330708
2021-12-24,21565,22479,21336,21927,3284810,2.7699662542182226
2021-12-27,21754,21925,21182,21488,2202955,-2.0020978702056826
2021-12-28,21850,23621,21811,23622,7323700,9.931124348473567
2021-12-29,23738,24379,22747,23311,4054810,-1.3165692998052663
2021-12-30,23233,23292,22554,22826,2730290,-2.080562824417657
2022-01-03,22806,22922,21660,21660,2962435,-5.108209936037852
2022-01-04,22068,22203,20533,20825,3815425,-3.8550323176361956
2022-01-05,20707,20707,20105,20300,1707370,-2.5210084033613445
2022-01-06,19698,20416,19504,19504,2865315,-3.9211822660098523
2022-01-07,19600,20163,19503,19970,1556815,2.3892534864643147
2022-01-10,19561,19717,18882,19096,2090790,-4.376564847270906
2022-01-11,19096,19601,18552,18630,2045260,-2.440301633850021
2022-01-12,19037,20008,18862,19989,2566550,7.294685990338164
2022-01-13,20261,20261,19601,20009,1585270,0.10005503026664665
2022-01-14,19484,19833,19348,19698,1088380,-1.5543005647458645
2022-01-17,19717,20183,19659,19737,931985,0.19798964361864146
2022-01-18,19833,20183,19425,19562,1017030,-0.8866595733900796
2022-01-19,19193,19464,19037,19368,919380,-0.9917186381760557
2022-01-20,19193,19912,19193,19912,1053850,2.808756712102437
2022-01-21,19561,19697,18842,18843,2162285,-5.368621936520691
2022-01-24,17774,18726,16609,16823,7347750,-10.720161333121053
2022-01-25,16687,17347,16590,16726,3133455,-0.5765915710634251
2022-01-26,16725,17230,11888,12102,13899160,-27.6455817290446
2022-01-27,12937,14122,12588,12938,18297380,6.907949099322426
2022-01-28,12685,13054,11306,12666,9518660,-2.1023342093059205
2022-02-03,13228,14219,12820,13734,5595885,8.432022738038844
2022-02-04,13695,14083,13365,13987,3090945,1.8421435852628514
2022-02-07,13247,13519,12334,13248,9171130,-5.283477514835204
2022-02-08,13015,13908,12879,13190,4569995,-0.4378019323671498
2022-02-09,13481,14627,13403,14161,5619820,7.361637604245641
2022-02-10,14316,14355,13597,13695,3046085,-3.2907280559282532
2022-02-11,13578,14860,13307,14220,6464360,3.8335158817086525
2022-02-14,13986,14432,13636,13831,3064615,-2.7355836849507735
2022-02-15,14025,14472,13617,14123,2904415,2.1111994794302653
2022-02-16,14705,15132,14413,14647,3326420,3.710259859803158
2022-02-17,14705,15424,14181,14667,4627190,0.13654673311941012
2022-02-18,14336,14821,14316,14783,1643515,0.7908911161109975
2022-02-21,14530,14627,14103,14511,1829650,-1.8399512954068862
2022-02-22,14064,14686,14045,14395,1696985,-0.799393563503549
2022-02-23,14569,14724,14336,14511,1487865,0.8058353594998263
2022-02-24,14258,14413,13889,13909,2050255,-4.148576941630487
2022-02-25,14394,16278,14297,15793,7255460,13.545186569846862
2022-02-28,15695,16899,15579,16803,4806300,6.3952383967580575
2022-03-02,16706,18454,16628,18144,5411175,7.980717728976969
2022-03-03,18474,18785,17833,18455,3116250,1.7140652557319225
2022-03-04,18338,18785,18260,18455,2343400,0.0
2022-03-07,17871,18279,17366,17833,2932070,-3.370360335952317
2022-03-08,17250,17697,16998,17037,3181885,-4.463634834295968
2022-03-10,17852,18746,17697,17911,3250465,5.130011152198157
2022-03-11,18066,18124,17211,17406,2026340,-2.819496398861035
2022-03-14,17075,17075,16182,16629,2868435,-4.463977938641848
2022-03-15,16298,16939,16201,16512,1699325,-0.7035901136568645
2022-03-16,16919,17463,16919,17192,2011305,4.118217054263566
2022-03-17,17930,18299,17677,17736,2648215,3.1642624476500703
2022-03-18,17988,18163,17638,17736,1344965,0.0
2022-03-21,18163,18318,17872,17911,1622010,0.9866937302661255
2022-03-22,18066,18066,17697,17872,823605,-0.217743286248674
2022-03-23,18357,18435,17736,18183,1937445,1.7401521933751118
2022-03-24,17968,17968,17638,17872,1324195,-1.710388824726393
2022-03-25,18007,18221,17755,17775,1542175,-0.5427484333034914
2022-03-28,17735,17735,17211,17425,1086820,-1.969057665260197
2022-03-29,17775,18144,17619,17717,1784130,1.6757532281205165
2022-03-30,17930,17949,17619,17639,892610,-0.4402551221990179
2022-03-31,17541,17968,17288,17891,1946515,1.4286524179375248
2022-04-01,17774,17774,17191,17328,2143595,-3.1468336034877873
2022-04-04,17210,17482,17094,17483,915310,0.894506001846722
2022-04-05,17658,19737,17580,19737,8645860,12.892524166333008
2022-04-06,19464,20008,19270,19717,4574170,-0.10133252267315195
2022-04-07,20125,20456,18843,19038,5052345,-3.4437287619820465
2022-04-08,19095,20241,18842,19348,6497680,1.6283223027628955
2022-04-11,19115,19329,18066,18183,3409410,-6.021294190614017
2022-04-12,17658,17989,17386,17853,2115045,-1.8148820326678767
2022-04-13,17852,18415,17677,18260,1693000,2.2797288971041283
2022-04-14,18259,18415,17793,17794,1417415,-2.552026286966046
2022-04-15,17580,17793,17405,17464,1564170,-1.8545577160840734
2022-04-18,17424,17443,16997,17347,1481990,-0.6699496106275767
2022-04-19,17347,17735,17347,17425,1332275,0.4496454718395111
2022-04-20,17678,17697,17309,17309,926470,-0.6657101865136298
2022-04-21,17308,17561,16997,17095,1705195,-1.2363510312554162
2022-04-22,16900,16900,16511,16745,2005925,-2.0473822755191575
2022-04-25,16298,16531,16201,16240,1492240,-3.0158256195879365
2022-04-26,16259,16473,15948,16143,1267765,-0.5972906403940886
2022-04-27,15521,15967,15404,15735,1738280,-2.52741126184724
2022-04-28,15831,16103,15559,15657,962390,-0.4957102001906578
2022-04-29,15754,16783,15657,16706,1896220,6.6998786485278155
2022-05-02,16356,17036,16201,16862,1309730,0.9337962408715431
2022-05-03,17075,17405,16900,16901,1745725,0.23128928952674652
2022-05-04,17114,18144,17075,17581,3799595,4.023430566238684
2022-05-06,17327,17910,16978,17114,2210925,-2.6562766623058987
2022-05-09,16802,16938,16531,16570,1112950,-3.1786841182657475
2022-05-10,16084,16492,15735,16415,1582215,-0.9354254677127338
2022-05-11,16239,16608,16220,16609,777260,1.1818458726774292
2022-05-12,16240,16298,15560,15580,1590370,-6.195436209284123
2022-05-13,15579,15987,15287,15793,1262895,1.3671373555840822
2022-05-16,16006,16375,15870,15968,908625,1.108085860824416
2022-05-17,15968,16220,15715,16182,968385,1.3401803607214429
2022-05-18,16434,16706,16143,16182,1364650,0.0
2022-05-19,15695,16395,15637,16201,1439815,0.11741441107403289
2022-05-20,16356,17444,16298,16998,3603780,4.9194494167026726
2022-05-23,17075,17094,16415,16493,1566295,-2.9709377573832216
2022-05-24,16532,16532,15813,15852,1214465,-3.8864973018856483
2022-05-25,15987,16026,15599,15716,1309270,-0.8579359071410547
2022-05-26,15812,15987,15618,15657,935485,-0.3754135912445915
2022-05-27,15909,16007,15657,15677,793895,0.12773839177364757
2022-05-30,15832,16026,15677,15949,1017750,1.735025834024367
2022-05-31,16045,16317,15948,16026,1223025,0.482788889585554
2022-06-02,15870,15948,15734,15871,620700,-0.9671783352052914
2022-06-03,16026,16084,15715,15735,844235,-0.8569088274210825
2022-06-07,15676,15676,15132,15152,1461615,-3.7051159834763268
2022-06-08,15269,15366,14997,15075,880275,-0.5081837381203802
2022-06-09,14997,15269,14803,15211,1027730,0.902155887230514
2022-06-10,15016,15113,14899,14900,1084140,-2.044573006376964
2022-06-13,14452,14724,14219,14278,1905290,-4.174496644295302
2022-06-14,13811,14471,13811,14433,2066235,1.0855862165569408
2022-06-15,14491,14802,13869,13928,1843775,-3.4989260721956628
2022-06-16,14335,14957,14296,14569,1535985,4.602240091901206
2022-06-17,14181,14957,14181,14822,1190270,1.7365639371267763
2022-06-20,15055,15133,14492,14667,1224970,-1.0457428147348535
2022-06-21,14724,14802,13811,14472,1600690,-1.3295152382900388
2022-06-22,14724,14860,13889,13909,1437640,-3.8902708678828084
2022-06-23,13714,14025,12413,12860,2421450,-7.541879358688619
2022-06-24,12917,14122,12859,14103,1826700,9.665629860031103
2022-06-27,14957,15443,14277,14608,4345045,3.580798411685457
2022-06-28,14627,15637,14530,15424,3847960,5.585980284775466
2022-06-29,15151,15307,14802,14919,1677955,-3.274118257261411
2022-06-30,14899,15016,13734,13909,2041280,-6.76989074334741
2022-07-01,13908,14005,12917,13151,2119480,-5.4497088216262854
2022-07-04,13325,13539,12704,13093,1255155,-0.4410311002965554
2022-07-05,13112,14064,12995,14064,1690030,7.416176582906897
2022-07-06,13889,14160,13597,13656,950200,-2.901023890784983
2022-07-07,13869,14025,13617,13676,533065,0.14645577035735208
2022-07-08,13928,14238,13869,13870,776920,1.4185434337525593
2022-07-11,13986,14005,13520,13540,638985,-2.3792357606344625
2022-07-12,13306,13364,12975,13112,902145,-3.1610044313146233
2022-07-13,13014,13577,12781,13384,1471965,2.0744356314826113
2022-07-14,14763,15501,14335,14705,11057600,9.869994022713687
2022-07-15,14589,16007,14569,15541,8078040,5.6851411084665076
2022-07-18,15618,15677,14764,15347,3295995,-1.2483109195032493
2022-07-19,15171,17483,15093,17192,8919665,12.021893529680067
2022-07-20,17367,18746,17250,17581,7636945,2.262680316426245
2022-07-21,17638,17910,16939,17250,4565235,-1.8827142938399408
2022-07-22,17541,18493,17483,17930,6809015,3.942028985507246
2022-07-25,17814,18513,17814,17989,3151390,0.3290574456218628
2022-07-26,17891,17930,16862,17406,4468965,-3.240869420201234
2022-07-27,17327,17793,16919,17755,1954985,2.005055727909916
2022-07-28,18104,18376,17328,17600,3175740,-0.8729935229512813
2022-07-29,17676,17832,17191,17347,2199935,-1.4375
2022-08-01,17347,17949,17153,17833,2748620,2.8016371706923384
2022-08-02,18066,18396,17794,18047,3054545,1.2000224303258005
2022-08-03,18065,19289,18046,19212,11073765,6.455366542915721
2022-08-04,19250,20396,19037,19892,7029320,3.539454507599417
2022-08-05,20242,23117,20106,22321,18242680,12.21093907098331
2022-08-08,22360,23156,21893,22360,5598490,0.17472335468841002
2022-08-09,22611,23893,22359,23311,7301355,4.253130590339892
2022-08-10,23253,23894,22942,23137,4295545,-0.7464287246364377
2022-08-11,23680,23816,22514,23117,4212280,-0.08644163028914725
2022-08-12,23116,23116,22029,22068,3948010,-4.53778604490202
2022-08-16,22437,23059,22184,22962,3671945,4.051114736269712
2022-08-17,22980,23194,22670,22884,2347625,-0.339691664489156
2022-08-18,22670,23777,22514,23525,3666935,2.8010837266212203
2022-08-19,23777,23796,22378,22476,3425975,-4.459086078639745
2022-08-22,21815,22553,21776,21990,2438140,-2.1623064602242392
2022-08-23,21990,22203,21116,21427,3136835,-2.560254661209641
2022-08-24,21737,22068,20863,21738,3623770,1.451439772249965
2022-08-25,21834,22242,21485,22029,1952560,1.3386696108197627
2022-08-26,22067,22203,21135,21155,2903175,-3.967497389804349
2022-08-29,20222,20979,20125,20669,2786520,-2.297329236587095
2022-08-30,20882,21679,20610,21077,3231560,1.9739706807295951
2022-08-31,20980,22398,20883,22321,4792215,5.902168240261897
2022-09-01,22087,22728,21660,21796,2866030,-2.352045159267058
2022-09-02,22126,22359,21291,21602,2537730,-0.8900715727656451
2022-09-05,21601,21912,21038,21233,1944300,-1.7081751689658364
2022-09-06,21310,21873,20961,21369,2046860,0.6405124099279423
2022-09-07,21504,23641,21252,23389,8476665,9.452945856146755
2022-09-08,23660,25039,23310,24224,7740695,3.5700542990294584
2022-09-13,24865,25312,24282,24380,4329285,0.6439894319682958
2022-09-14,23661,26691,23661,26109,8447680,7.091878589007383
2022-09-15,26419,28983,26341,28265,10359080,8.257688919529665
2022-09-16,28556,29042,26808,27391,8008665,-3.0921634530337876
2022-09-19,27682,28148,25332,25507,6346795,-6.878171662224819
2022-09-20,26030,26205,25175,25273,3205620,-0.91739522484024
2022-09-21,25195,26089,24865,25837,2944460,2.231630593914454
2022-09-22,25739,27293,25564,27138,4107180,5.035414328288888
2022-09-23,27001,27604,25642,25992,3723780,-4.2228609330090645
2022-09-26,24962,25409,24088,24477,5049765,-5.828716528162511
2022-09-27,24730,25002,23467,25002,4876680,2.144870694938105
2022-09-28,24904,25157,23233,23234,4621795,-7.071434285257179
2022-09-29,23874,24087,22262,22301,3590745,-4.015666695360248
2022-09-30,21776,23019,21737,22476,4116260,0.7847181740729116
2022-10-04,22903,23175,22340,22787,2629330,1.383698166933618
2022-10-05,23485,23719,21893,22068,3101000,-3.155307850967657
2022-10-06,22262,23739,22243,23681,3182635,7.309226028638753
2022-10-07,23311,23951,23039,23350,2507570,-1.3977450276593049
2022-10-11,22651,23292,22457,22865,2000275,-2.0770877944325483
2022-10-12,23000,24049,23000,23758,2553775,3.905532473212333
2022-10-13,23796,24340,23408,23991,2498470,0.9807222830204563
2022-10-14,24729,25953,24340,25623,3939270,6.802550956608728
2022-10-17,25312,28071,25215,28071,5347480,9.553916403231472
2022-10-18,28808,29333,26807,28226,8702930,0.5521712799686509
2022-10-19,27993,30111,27954,28965,7982755,2.618153475519025
2022-10-20,29060,29430,27856,28459,4163640,-1.7469359571897116
2022-10-21,28459,29819,28168,28557,4616070,0.3443550370708739
2022-10-24,29547,29624,28342,28809,2617020,0.8824456350456981
2022-10-25,29042,29800,27430,27780,5516490,-3.571800479016974
2022-10-26,27993,28362,27430,27508,2543555,-0.9791216702663786
2022-10-27,27818,28226,27177,27780,4227395,0.9888032572342591
2022-10-28,27604,27876,27079,27313,3547010,-1.6810655147588192
2022-10-31,27487,27856,26807,27585,2551305,0.995862775967488
2022-11-01,27739,28011,27099,27410,2704930,-0.6344027551205366
2022-11-02,27449,27663,25506,26148,5549855,-4.604159066034294
2022-11-03,25448,27080,25429,27022,3554455,3.34251185559125
2022-11-04,27079,27682,26264,26575,3202895,-1.654207682628969
2022-11-07,26672,26827,25856,26789,2843435,0.8052681091251176
2022-11-08,26749,26788,25700,26109,3659790,-2.538355295083803
2022-11-09,26050,26186,25700,26031,3323875,-0.2987475583132253
2022-11-10,25952,26341,25214,25215,3670115,-3.134723982943414
2022-11-11,26050,26788,25584,25895,5484495,2.696807455879437
2022-11-14,26147,26749,25953,26245,3608815,1.3516122803630044
2022-11-15,26477,26477,25370,25817,3332820,-1.6307868165364832
2022-11-16,25875,25875,24846,25235,2597265,-2.254328543207964
2022-11-17,25097,25505,24631,24632,1900775,-2.3895383396076877
2022-11-18,24632,25098,24185,24302,1699725,-1.3397206885352386
2022-11-21,24282,24535,23855,24011,1675050,-1.1974323100979343
2022-11-22,23661,24147,23175,23273,1969710,-3.0735912706676105
2022-11-23,23583,24846,23583,24846,3031645,6.75890516908005
2022-11-24,25273,25545,25098,25468,1893350,2.5034210738146987
2022-11-25,25467,26205,25118,25293,2475445,-0.6871367991204649
2022-11-28,25273,26031,24671,25293,2443305,0.0
2022-11-29,25351,26322,25312,26284,3365565,3.9180801012137745
2022-11-30,26283,27391,26070,27197,4034010,3.473596104093745
2022-12-01,27565,27876,27157,27488,2837875,1.069970952678604
2022-12-02,27487,27565,25739,26031,5267370,-5.300494761350408
2022-12-05,26166,26244,24768,24904,2709845,-4.329453344089739
2022-12-06,24495,24806,24107,24127,2102670,-3.119980725987793
2022-12-07,23835,24360,23738,23933,2239100,-0.8040784183694616
2022-12-08,23855,24088,23466,23525,1804670,-1.7047591192077887
2022-12-09,23718,23854,22048,22165,4540440,-5.781083953241232
2022-12-12,22145,22747,21854,21990,2621220,-0.7895330475975638
2022-12-13,22164,22864,21660,21932,3547725,-0.263756252842201
2022-12-14,22145,23194,22009,23195,2371920,5.7587087360933795
2022-12-15,22942,23757,22747,23117,2406895,-0.3362793705539987
2022-12-16,22475,22922,22281,22379,1894540,-3.1924557684820694
2022-12-19,22184,22631,21699,22243,1550065,-0.6077125876938201
2022-12-20,22203,22786,22067,22398,1636735,0.6968484467023333
2022-12-21,22961,23019,22553,22748,1688415,1.562639521385838
2022-12-22,22826,23058,22554,22826,1533025,0.34288728679444347
2022-12-23,22145,22339,21620,21718,3050785,-4.854113729957066
2022-12-26,21718,22223,21582,22185,1835480,2.150290081959665
2022-12-27,22262,22826,22204,22360,2720690,0.7888212756366914
2022-12-28,22200,22300,20720,21120,4797305,-5.545617173524151
2022-12-29,21120,21320,20540,20600,2238035,-2.462121212121212
2023-01-02,21200,22199,21120,22000,2328595,6.796116504854369
2023-01-03,21900,22820,21700,22800,2077125,3.6363636363636362
2023-01-04,22220,22919,22160,22800,1444255,0.0
2023-01-05,23040,23180,22019,22060,1505015,-3.245614035087719
2023-01-06,21840,22400,21680,21920,1458825,-0.6346328195829556
2023-01-09,22380,22420,21920,22120,1574855,0.9124087591240875
2023-01-10,22220,22580,21800,21820,1901815,-1.3562386980108498
2023-01-11,22020,23300,21980,23300,2658615,6.782768102658111
2023-01-12,23560,23580,23040,23200,1412565,-0.4291845493562232
2023-01-13,23240,23400,22860,23000,1262955,-0.8620689655172413
2023-01-16,23120,23760,22940,23300,1599235,1.3043478260869565
2023-01-17,23440,23840,22720,22960,1687525,-1.4592274678111588
2023-01-18,23159,23380,22900,22960,1104100,0.0
2023-01-19,22760,22859,22180,22240,1609960,-3.1358885017421603
2023-01-20,22220,22680,21900,22580,922365,1.5287769784172662
2023-01-25,23000,23680,23000,23480,1930095,3.985828166519043
2023-01-26,23780,24980,23480,24920,3158175,6.132879045996593
2023-01-27,25320,25380,24720,24920,1869460,0.0
2023-01-30,25260,25980,24980,25320,2593805,1.6051364365971106
2023-01-31,24560,24820,23799,24560,3537165,-3.0015797788309637
2023-02-01,24700,25900,24700,25680,2847695,4.5602605863192185
2023-02-02,26100,26400,25880,26200,2257165,2.0249221183800623
2023-02-03,26160,28440,25820,27520,5973280,5.038167938931298
2023-02-06,27700,29800,27640,29240,6752070,6.25
2023-02-07,29440,35620,29400,33180,19462115,13.474692202462379
2023-02-08,33240,35220,32840,34560,12268190,4.159132007233273
2023-02-09,34540,39340,34300,38220,19232095,10.590277777777777
2023-02-10,38620,39800,36940,37600,7739055,-1.6221873364730508
2023-02-13,37400,39840,37000,39360,6367930,4.680851063829787
2023-02-14,39740,39900,37560,39440,6481395,0.20325203252032523
2023-02-15,40400,44200,40100,42700,9804070,8.265720081135902
2023-02-16,44100,48400,42500,47800,10698775,11.943793911007026
2023-02-17,45100,47700,43000,44100,13573780,-7.740585774058577
2023-02-20,43800,47700,43800,47200,9865230,7.029478458049887
2023-02-21,48100,50200,48000,49700,8726490,5.296610169491525
2023-02-22,48400,50400,45700,47500,8308420,-4.426559356136821
2023-02-23,48800,49399,44700,48500,7242140,2.1052631578947367
2023-02-24,49200,50100,47600,48400,4157530,-0.2061855670103093
2023-02-27,47700,56600,47600,56000,10675475,15.702479338842975
2023-02-28,56000,59000,54500,57100,7111595,1.9642857142857142
2023-03-02,57300,61800,54400,55000,8846595,-3.677758318739054
2023-03-03,56900,59900,55600,59900,5982140,8.90909090909091
2023-03-06,62799,63600,60100,61900,7237825,3.33889816360601
2023-03-07,60099,61200,57100,58400,7315545,-5.654281098546042
2023-03-08,56999,67200,56900,66800,11413120,14.383561643835616
2023-03-09,66400,66700,62400,65400,5678755,-2.095808383233533
2023-03-10,62900,63800,60400,61700,5604565,-5.657492354740061
2023-03-13,61700,72800,61700,72300,13812065,17.179902755267424
2023-03-14,74200,80000,71000,74200,16595585,2.627939142461964
2023-03-15,81000,90900,77700,89600,15462655,20.754716981132077
2023-03-16,92499,94500,85400,87600,10573010,-2.232142857142857
2023-03-17,89000,89099,78500,79900,12547910,-8.789954337899543
2023-03-20,73400,82500,69500,80600,13341400,0.8760951188986232
2023-03-21,80600,86500,78200,84000,7472210,4.218362282878412
2023-03-22,87000,92000,85600,90600,7905125,7.857142857142857
2023-03-23,90300,99100,81300,91000,12712335,0.44150110375275936
2023-03-24,96200,96299,87000,91200,7794855,0.21978021978021978
2023-03-27,90400,92200,86700,87800,5596595,-3.7280701754385963
2023-03-28,89200,89799,81100,86700,9034405,-1.2528473804100226
2023-03-29,86300,99800,84600,99700,13773455,14.994232987312571
2023-03-30,101800,106200,98600,99700,9868305,0.0
2023-03-31,96600,101200,96200,99700,6148575,0.0
2023-04-03,101600,103600,98200,99900,5911310,0.20060180541624875
2023-04-04,99200,100400,94800,95000,4811450,-4.904904904904905
2023-04-05,94600,104000,94500,103000,7893055,8.421052631578947
2023-04-06,102200,107000,101400,104400,5042305,1.3592233009708738
2023-04-07,105000,115800,102200,115800,10485850,10.919540229885058
2023-04-10,118200,148800,117200,144400,17704270,24.697754749568222
2023-04-11,151000,164000,140000,153800,16328310,6.509695290858726
2023-04-12,146400,151400,127600,128000,15562720,-16.775032509752926
2023-04-13,120000,134600,113999,121400,20971875,-5.15625
2023-04-14,125600,126800,117599,122200,7891730,0.6589785831960462
2023-04-17,121400,126000,119200,123400,6459025,0.9819967266775778
2023-04-18,125599,134000,120600,131200,8784135,6.3209076175040515
2023-04-19,128800,131000,123199,123200,5682690,-6.097560975609756
2023-04-20,120600,124799,120200,121800,3797435,-1.1363636363636365
2023-04-21,120999,122200,114800,114800,5828295,-5.747126436781609
2023-04-24,113200,124199,112800,119600,6728820,4.181184668989547
2023-04-25,121800,123800,115600,119400,6340795,-0.16722408026755853
2023-04-26,120800,123599,117600,119800,4787030,0.33500837520938026
2023-04-27,119800,141800,118400,141800,13305560,18.363939899833053
2023-04-28,150000,158200,141800,146000,14836710,2.9619181946403383
2023-05-02,150000,155600,142400,146600,8042155,0.410958904109589
2023-05-03,145000,145800,133000,133800,6891990,-8.731241473396999
2023-05-04,133600,140600,130000,136600,6368820,2.092675635276532
2023-05-08,138800,139200,126600,127600,4275490,-6.588579795021962
2023-05-09,126199,128600,120000,124600,6525970,-2.3510971786833856
2023-05-10,124600,125800,117800,118000,4965560,-5.296950240770466
2023-05-11,120800,124400,108800,110000,8950905,-6.779661016949152
2023-05-12,107400,112000,106000,108800,6940680,-1.090909090909091
2023-05-15,107200,107800,99800,104200,8363035,-4.227941176470589
2023-05-16,106600,112200,104400,110200,7311360,5.758157389635317
2023-05-17,108200,115800,107400,113600,3979570,3.0852994555353903
2023-05-18,116000,117800,111600,113000,3047610,-0.528169014084507
2023-05-19,112400,112800,106200,106400,3951115,-5.84070796460177
2023-05-22,105000,113600,102800,113400,4179390,6.578947368421052
2023-05-23,114200,118600,113200,114000,3779050,0.5291005291005291
2023-05-24,115800,116200,112200,113400,2090730,-0.5263157894736842
2023-05-25,111600,114000,109000,109400,2373500,-3.527336860670194
2023-05-26,109800,111800,106200,108400,2707385,-0.9140767824497258
2023-05-30,109600,110000,105000,109200,2818405,0.7380073800738007
2023-05-31,109200,114000,109200,112600,3228315,3.1135531135531136
2023-06-01,113600,114000,111000,112400,1579100,-0.17761989342806395
2023-06-02,112200,115800,111400,113400,2498225,0.8896797153024912
2023-06-05,114400,114800,112200,113200,1756355,-0.1763668430335097
2023-06-07,113999,132400,113800,132400,8901125,16.96113074204947
2023-06-08,131000,137800,130200,131600,6590135,-0.6042296072507553
2023-06-09,137600,140000,133000,134000,5876625,1.82370820668693
2023-06-12,135400,139600,134600,138400,3573485,3.2835820895522385
2023-06-13,141800,150600,139400,149800,7263380,8.236994219653178
2023-06-14,150400,158000,131200,133400,12464765,-10.947930574098798
2023-06-15,139800,144400,136000,142000,6972760,6.446776611694154
2023-06-16,143400,148400,136800,148000,4527235,4.225352112676056
2023-06-19,148600,156400,146200,154400,6046940,4.324324324324325
2023-06-20,151800,159800,150600,153000,4754885,-0.9067357512953367
2023-06-21,154200,157800,151600,152400,3661120,-0.39215686274509803
2023-06-22,149600,155200,148200,152400,3348120,0.0
2023-06-23,154000,154400,151600,151600,1640865,-0.5249343832020997
2023-06-26,151800,155400,151600,152200,1843845,0.395778364116095
2023-06-27,151200,152000,142400,147600,4064650,-3.0223390275952693
2023-06-28,149400,150400,139800,140000,3244045,-5.149051490514905
2023-06-29,141000,147000,139200,142800,3128910,2.0
2023-06-30,145200,152000,143000,150800,3343250,5.602240896358544
2023-07-03,154400,183800,153800,181600,14765825,20.424403183023873
2023-07-04,183400,186800,169000,177200,9392135,-2.4229074889867843
2023-07-05,178800,191600,176600,188600,8200325,6.433408577878104
2023-07-06,189200,196400,184800,188200,5993960,-0.2120890774125133
2023-07-07,188000,196000,187400,196000,4354555,4.1445270988310305
2023-07-10,198800,203000,188200,193000,5529975,-1.530612244897959
2023-07-11,194800,199600,191600,195200,3592275,1.1398963730569949
2023-07-12,194000,196400,181800,184000,5602755,-5.737704918032787
2023-07-13,181600,198800,176600,191200,7192285,3.91304347826087
2023-07-14,193400,197800,190400,197600,3356215,3.3472803347280333
2023-07-17,200600,203000,197000,199800,3363410,1.1133603238866396
2023-07-18,203600,229600,201000,223600,8005800,11.911911911911911
2023-07-19,220600,225200,216200,223400,3669595,-0.08944543828264759
2023-07-20,217800,220800,213200,216600,2727010,-3.043867502238138
2023-07-21,207200,238000,207000,228600,6781245,5.540166204986149
2023-07-24,230200,235800,225600,232200,6090250,1.574803149606299
2023-07-25,229600,264200,224000,258600,10372235,11.369509043927648
2023-07-26,260600,307800,227200,245600,15083225,-5.02706883217324
2023-07-27,240000,240000,192200,197000,14236855,-19.78827361563518
2023-07-28,191200,222200,187000,220800,10290695,12.081218274111675
2023-07-31,227200,244800,225000,241400,6656330,9.329710144927535
2023-08-01,255000,258200,233000,241600,8200065,0.08285004142502071
2023-08-02,232800,245400,223600,223600,5342875,-7.450331125827815
2023-08-03,231000,241400,220800,241400,6477215,7.960644007155635
2023-08-04,241400,247000,233400,234800,3538825,-2.7340513670256836
2023-08-07,228600,233400,204200,213200,6415330,-9.19931856899489
2023-08-08,211000,221000,203600,215400,5211045,1.0318949343339587
2023-08-09,214200,235400,211800,225400,4649405,4.642525533890436
2023-08-10,226200,237400,223200,233200,3794740,3.460514640638864
2023-08-11,238200,239000,224000,227400,4429970,-2.4871355060034306
2023-08-14,222000,227200,209400,218600,3975625,-3.8698328935795954
2023-08-16,216600,223200,204600,204600,3520640,-6.404391582799635
2023-08-17,206600,223400,203000,222800,5781540,8.895405669599219
2023-08-18,223400,226000,211800,215200,3316325,-3.4111310592459607
2023-08-21,216000,235800,216000,235000,3789240,9.200743494423792
2023-08-22,243000,255000,241400,252200,6031950,7.319148936170213
2023-08-23,252399,254200,237800,244200,4262790,-3.1720856463124503
2023-08-24,250399,254200,246000,251800,3477220,3.112203112203112
2023-08-25,245799,255799,243600,251400,2859680,-0.15885623510722796
2023-08-28,255000,255000,248400,251000,2176015,-0.15910898965791567
2023-08-29,248200,249600,237599,244200,2719850,-2.7091633466135456
2023-08-30,249400,252600,245000,249600,2981545,2.211302211302211
2023-08-31,250400,253400,238800,251400,13527145,0.7211538461538461
2023-09-01,246799,246799,235800,235800,3148760,-6.205250596658711
2023-09-04,229600,235800,220200,222200,3724615,-5.767599660729432
2023-09-05,222600,223600,211800,215600,4073315,-2.9702970297029703
2023-09-06,218400,224000,208200,210000,2969615,-2.5974025974025974
2023-09-07,208000,212400,199400,201200,3980605,-4.190476190476191
2023-09-08,201600,204400,195000,204200,3500035,1.4910536779324055
2023-09-11,205200,205400,196000,196000,2349915,-4.015670910871695
2023-09-12,198800,200000,183000,186000,5761645,-5.1020408163265305
2023-09-13,184600,188999,179600,179800,4046420,-3.3333333333333335
2023-09-14,181000,186800,178200,180800,3413395,0.5561735261401557
2023-09-15,181200,182800,176200,178000,4750660,-1.5486725663716814
2023-09-18,178400,182800,174000,179800,2950170,1.0112359550561798
2023-09-19,179200,181000,176000,178000,1504430,-1.0011123470522802
2023-09-20,178000,190600,178000,190600,4189945,7.078651685393258
2023-09-21,188800,198400,188200,194200,2979035,1.888772298006296
2023-09-22,191599,195800,185399,191400,1997765,-1.4418125643666324
2023-09-25,193600,197000,176000,176000,3271975,-8.045977011494253
2023-09-26,175999,182600,175600,177600,2312710,0.9090909090909091
2023-09-27,176000,182800,174400,180200,1724110,1.4639639639639639
2023-10-04,177999,178999,164400,164800,3027480,-8.546059933407326
2023-10-05,169800,172400,164600,165000,1944320,0.12135922330097086
2023-10-06,164400,170400,164400,167800,1279055,1.6969696969696972
2023-10-10,168800,169200,155600,157200,2722405,-6.31704410011919
2023-10-11,161400,170800,159200,168600,2640090,7.251908396946565
2023-10-12,170600,178600,169400,174600,2006695,3.558718861209965
2023-10-13,173600,175600,164800,166600,2028195,-4.581901489117984
2023-10-16,159200,168399,157000,167000,2181705,0.24009603841536614
2023-10-17,169800,174000,166000,166000,1702675,-0.5988023952095809
2023-10-18,166200,169600,164000,164400,955845,-0.9638554216867471
2023-10-19,160000,162000,158200,159600,1307415,-2.9197080291970803
2023-10-20,156800,157000,148000,150200,2952200,-5.889724310776942
2023-10-23,148200,152400,144800,146000,2127585,-2.796271637816245
2023-10-24,147200,151600,137000,150400,3313885,3.0136986301369864
2023-10-25,151400,151600,138000,138000,2164330,-8.24468085106383
2023-10-26,132800,135600,122599,124200,4625710,-10.0
2023-10-27,125600,130400,122000,127000,3209410,2.254428341384863
2023-10-30,126000,134600,125199,132400,2313590,4.251968503937007
2023-10-31,133200,133400,122400,124000,2333760,-6.3444108761329305
2023-11-01,125399,129000,118000,119400,2512440,-3.7096774193548385
2023-11-02,123200,129800,121400,129800,2697030,8.710217755443885
2023-11-03,133200,136000,126200,127400,3295545,-1.848998459167951
2023-11-06,146400,165600,142400,165600,5765455,29.984301412872842
2023-11-07,174000,185600,159000,171800,11727070,3.7439613526570046
2023-11-08,164200,168600,147400,147400,5285960,-14.202561117578579
2023-11-09,150800,152600,138600,145800,4532850,-1.0854816824966078
2023-11-10,140600,142000,137000,137000,2252170,-6.035665294924554
2023-11-13,139800,143200,136000,137600,1780130,0.43795620437956206
2023-11-14,140400,149600,139200,145800,2863530,5.959302325581396
2023-11-15,157800,157800,145000,148000,2594010,1.5089163237311385
2023-11-16,146000,152000,140800,142200,1922690,-3.9189189189189193
2023-11-17,139600,140400,132200,135800,2744300,-4.50070323488045
2023-11-20,134000,147600,133200,145600,3133805,7.216494845360824
2023-11-21,147200,149400,140200,145000,2349795,-0.4120879120879121
2023-11-22,142400,144400,138600,140000,1638675,-3.4482758620689653
2023-11-23,140000,141600,138200,140600,851880,0.4285714285714286
2023-11-24,141000,142000,138600,139000,878470,-1.1379800853485065
2023-11-27,141400,141400,135800,138400,1239470,-0.4316546762589928
2023-11-28,138600,147400,138400,142200,2255040,2.745664739884393
2023-11-29,145200,148800,141200,148000,2370080,4.0787623066104075
2023-11-30,145400,149600,143600,149600,1874805,1.0810810810810811
2023-12-01,146400,147800,141600,144800,1684930,-3.2085561497326207
2023-12-04,140600,143000,132600,133400,7884705,-7.872928176795579
2023-12-05,133800,135600,130200,131600,2153500,-1.3493253373313343
2023-12-06,132000,134000,128199,128200,1956215,-2.5835866261398177
2023-12-07,129800,130400,122200,126400,2008500,-1.40405616224649
2023-12-08,128000,134400,126800,133400,2292490,5.537974683544303
2023-12-11,135200,137000,132800,133000,1704395,-0.29985007496251875
2023-12-12,132600,134000,130600,132000,1190010,-0.7518796992481203
2023-12-13,129000,130600,125400,125800,2002710,-4.696969696969696
2023-12-14,129400,129800,120600,122000,3203405,-3.0206677265500796
2023-12-15,125600,132600,124600,128800,3899605,5.573770491803279
2023-12-18,134600,143800,132200,139400,5862015,8.229813664596273
2023-12-19,141400,146600,139400,146600,3602380,5.164992826398852
2023-12-20,148200,148400,143600,145400,2037880,-0.8185538881309686
2023-12-21,143200,146800,137200,138400,3482715,-4.814305364511692
2023-12-22,140400,141000,133200,133600,2058965,-3.4682080924855487
2023-12-26,131400,133400,126800,128400,2600780,-3.8922155688622757
2023-12-27,128800,133000,127000,128600,2215235,0.1557632398753894
2023-12-28,130600,131200,126200,129400,1301410,0.6220839813374806
